{"cameraMode":{"drawMode":0,"name":"Shaded","section":"Shading Mode"},"sceneLighting":true,"audioPlay":false,"sceneViewState":{"m_AlwaysRefresh":false,"showFog":true,"showSkybox":true,"showFlares":true,"showImageEffects":true,"showParticleSystems":true,"showVisualEffectGraphs":true,"m_FxEnabled":true},"in2DMode":false,"pivot":{"x":107.94352722167969,"y":0.9548659324645996,"z":22.805339813232423},"rotation":{"x":-0.052468616515398028,"y":0.924573540687561,"z":-0.13813795149326325,"w":-0.35119760036468508},"size":3.621500253677368,"orthographic":false}