{"cameraMode":{"drawMode":0,"name":"Shaded","section":"Shading Mode"},"sceneLighting":false,"audioPlay":false,"sceneViewState":{"m_AlwaysRefresh":false,"showFog":true,"showSkybox":false,"showFlares":true,"showImageEffects":true,"showParticleSystems":true,"showVisualEffectGraphs":true,"m_FxEnabled":true},"in2DMode":false,"pivot":{"x":-1.1632113456726075,"y":7.564949035644531,"z":1.2500429153442383},"rotation":{"x":-0.004483330994844437,"y":-0.6160205006599426,"z":-0.003504908876493573,"w":0.7877155542373657},"size":11.450267791748047,"orthographic":false}